,reviewId,content,score,sentiment
0,bb22f8ec-46d2-441b-916c-2127e558032b,"Really for the amount I pay, this app is shamefully inefficient, playlist sync between my computer and my phone is totally haphazard. Being a classical music lover the information display for tracks is nearly always showing the least important details making navigation between various movements a frustratingly random leap in the dark. The developers of this software need to seriously consider the user-friendliness because, as it stands, this app is user-hostile and counter-intuitive.",1,negative
1,09fa4aa9-379e-47c7-a86d-439441741418,"With the latest update, interface became nicer overall, but functionality is still lagging behind. App crashes periodically, and it somehow became harder to use gesture like swipes to play next/add music/delete. If you add music to play next while a song is playing, with a chance of 50/50 it is going to skip those songs and play the previously set ""next song"". Quite sad that they don't test new updates for the app properly on Android devices.",3,negative
2,260aa39d-5b6f-4a10-84b2-dcbf1754715a,"My experience with Apple music has been awful. Terrible navigation, my playlists keep vanishing and everything Apple support tells me to do fails to work. I tried Apple music because it has more artists that I like available than Spotify, but I am going back to Spotify because Apple music is absolutely terrible.",1,negative
3,cf9f33d1-7cb7-4bdc-b622-c642ed4c39a4,"Can you at least make 2022 Recap be more accessible on the app itself, without the need to log in using an apple id? Itll be much more efficient and android friendly.",3,negative
4,c192f882-5b9b-4954-b739-faf4b014ddfa,Searching for music sucks and takes forever or doesn't load. Also search API is more stupid than giving a book to a blind person for Christmas.,1,negative
5,88b2d038-34b8-4585-9ca3-e97d9bde45c3,"Generally a good streaming platform, top notch. However; Some music is not accessible in my region. Cloud service is highly recommended to assist with storage. The infinite playlist touch you add is heaven.",4,positive
6,2d07edc8-5896-49a4-ac26-0270fc1f2315,1. Terrible and confusing UI and navigation 2. Continuos playing interruptions 3. Android Auto voice commands not working Definitely not recommended as an Android user,2,negative
7,85e544f5-5a46-48e2-9606-15c4b70566f4,"Using it for over 5 years for its great collection and quality. Still below average app, navigation across screen keep showing progress spinner forever on a phone where most apps run like a breeze and many more problems to bother on daily usage.",2,negative
8,302e85d0-467f-4554-b251-d1178a36a72c,"I love the selection but I'm dropping it due to Apple's navigation. The best Android apps rely on SIDE MENUS; not Apple's style of having buttons along the bottom row - which bring us to pages with buttons across the top of the screen, which then lead to pages with tile-layout icons, which have no reorganize-as-list option. I know this is Apple's design language, but it just requires MORE taps across FARTHER areas to navigate & search artists & songs. It's even worse on large-screen tablets.",2,negative
9,7fdc5a73-c80a-464e-b0f3-9fbd45237d04,Nearly went deaf. App has an extremely dangerous bug of full volume white noise which randomly comes on. People online have complained since a year ago including people who almost crashed theirs cars because they got a scary surprise. Sounds like a potential lawsuit. Screw Apple.,1,negative
10,692d2d53-8e9f-4e93-82ea-5c24ccd3fd88,"Great music application, just a few quirks that would be nice to see in the future. Easier accessibility to equalizer settings, it takes a fair amount of time navigating to and through settings. The ability to download stations, on long road trips it's nice to ""set and forget"" the music.",4,positive
11,9dedfcc3-8cd4-4ae3-b4ec-d469bed0e766,Difficult to be accessible im creating an id account and the code and entering the code and telling me the code failed,1,negative
12,b948d39c-23e2-40c5-b7a6-5ae8fa25fecb,"This thing is hard to use. I really wanted this to be a good option in place of Spotify, but I've have had such a hard time making the switch. There are seemingly no folders for playlists, which makes navigation a nightmare if you have more than 5 or 6 playlists... Especially on Android Auto. No way to delete a song from a playlist once added?? Just... Just awful. Really awful. Seemingly no integration into itunes for pc. Definitely a miss. Wish this was better, but it's terrible.",2,negative
13,1b3407e5-c6d6-451e-84f2-4fc230c320d4,Hello sorry me deaf god bless yourself every day and hard god bless miss you so much,5,positive
14,c35aa47e-9e50-4530-8491-5a269c400d7b,I love the fact you can sync your itunes library to the cloud and have it accessible to the app! Very handy as alot of my music I have isn't on any streaming platforms and don't want to buy ipod or iphone. I would rate 5 stars if they change being able to view ALL songs in artists like the old ipod classic layout instead the only songs available are ones categorized in albums. PLEASE CHANGE IT TO VIEW ALL SONGS!!,4,negative
15,7b06d042-a3ad-4cc0-9784-d8fa96b91837,Love the lossless quality and easy navigation. My only issue is within library and search we could do with an option to change it to recently played as well as recently added.,4,positive
16,0c5bc231-ff58-45c9-a6ce-7317cafc9178,"Doesn't Download mean you can listen off line? I guess not. Also, not crazy on the navigation and history.",4,negative
17,a0c562ce-4ade-4a04-8a24-18d48a5af232,"I cannot understand some of the negative reviews for this app. On my Android phone it's bloody great, navigation and performance is top notch and has all the kind of music that I enjoy...so far no problems.",5,positive
18,60bf238b-c854-4531-959c-61f0dc7a8817,Terrible. Sometimes my music will not be accessible. Apple customer service is terrible and very amateurish. Very frustrating service.,1,negative
19,8a35be0d-45ba-432a-aac7-dc99deb525a1,"Update: Unable to add new music to library. The dark theme is great. Just wish there was more ease of navigation. Whenever shuffled, most songs repeat everytime, due to which I forgot that I had some particular tracks in my library. Please keep the shuffle unbiased and do not just select the tracks which are frequently played.",2,positive
20,dce42ad7-e273-4a47-afde-4f96be802f47,"It's like apple made this app hoping u would buy a ipod or iPhone after seeing how they purposely make it rough like a beta app like they made it like a low-tier luxury car like they saying ""if u downloading apple music might as well come to apple"" like they made it decent enough to use and be weirdly satisfied with but not blind to how rough is it and feels like a beta but its not enough to make u dislike it actually ur quite fond of it but my comment will be ""do better"" cause u know they can",4,negative
21,ffcd59ca-d749-4afa-8ea4-3b828e44408c,"The audio sounds great, the selection is quite complete but navigation (the interface) needs improvement. It is essential to be able to browse new releases section and charts based on countries. Recently the app take quite some time to play due to connection issues. Playing music via Bluetooth speaker needs improvement as the audio degrades and distorted after few tracks played.",3,positive
22,021c5c08-c58a-4fff-9f25-fbe131c8d2ee,New update is awful. Shuffle and repeat used to be quickly and easily accessible along with the add to library button. Still wish there was a Crossfade setting.,1,negative
23,1da7436e-1e17-4dfc-8708-410ab761ed71,Navigation is not user friendly to an extent that it feels like apple intentionally made a poor quality Android app,1,negative
24,586a19c8-7047-4736-bdf9-e0bf4ef9daf5,"Could completely remove artists from my personal station that I hit the ""dislike"" button on with every song. Also could move the ""love"" and ""dislike"" buttons to be more easily accessible, maybe to the currently playing music screen. Other than those problems, it's a solid app with easily attained potential.",3,negative
25,06fcb2c8-59ce-47c9-9c27-07b07fed0c30,"I used number of services over the past few years (Spotify, Tidal, Deezer) before switching to Apple Music again. Tried it only because of free trial subscription option and lossless feature. The UX is terrible comparing to other services. Music library is OK, but many titles are missing comparing to Deezer for example. The navigation is not intuitive and often frustrating. Search is simply terrible. Sound quality is OK, but Deezer is better. Going back to Deezer or Spotify once it launch HiFi.",2,negative
26,9a016235-83b2-4412-a067-a09f37291cee,What's the use of lossless and hi resolution if it's not easily accessible. May be good only for apple ecosystem but otherwise not worth for others. Tidal is much better though more expensive.,2,negative
27,842710c8-b08b-4c01-a57b-be4abebb9340,"Best music app for Android. Great song selection with accessibility to both rare Indian and International songs. Great interface, easy and intuitive. Edit 3: Please add Podcast support like Spotify, the only thing lacking here. Edit 4: include Dolby Atmos, and lossless support on Android too. Literally the best app i ever put on my phone. Period. I cannot ask for more.",5,positive
28,21dfc7f8-edc9-451e-8035-a5a4b24c98bb,"Great library of available music, but the app is lousy. Hard to believe apple would put out something so buggy. Navigation stinks, sorting downloads by date doesn't work, it starts downloading dozens of songs unprompted for no reason, switching off wi fi confuses it, etc...",1,negative
29,1b7e4540-0932-4aba-8f32-347ab0492d43,"The service is good but the app needs some improvements. A button to download all songs (including when you add more songs to a playlist), an option to auto download ""Loved"" songs through wireless connection until the selected memory is full and a more accessible ""Love"" button would be a good starting point",3,negative
30,99663748-6f92-4c02-9b28-cbaf6d7e7d14,E varam blind,1,positive
31,ab74dd1f-4f74-438c-9d83-95030a409937,"When it works, it's good. Recently though, it just stops responding. I can navigate, search, browse, but I can't play any content. I need to uninstall/reinstall in order for the content to be accessible. Which is not an ideal experience.",1,negative
32,d31737b1-e2ed-4329-ac2a-ecc126f4ed86,"Hello team, in order to improve the product here is my feedback: - My library is good design can play offline list However: - Steaming paused for awhile when i am downloading offline music - Navigation is quite loss when open dowloading screen - Artist page is missed detail information, missing favorite button to add artist to collection - Add more number of time listen or favorite the song to have top rate",2,positive
33,c233b576-d3c7-453b-9f63-c064e78b5a23,"Navigation and search have improved, but now there are playback glitches. Frequently hangs while playing. App randomly crashes while using other apps - Big Deal for music players. Dependent on internet even for offline use. Otherwise, decent sound quality, better catalog than some, excellent curated play lists, & some variety outside the mainstream. But even blues, jazz & classical pickings are slim. Smaller niches available at random. UPDATE: less playback glitches except with other apps.",3,negative
34,eff906db-cb89-4618-8d02-00941f30ca58,Glitches alot. Songs stop playing. Downloaded music also not accessible. Lost purchased music.,2,negative
35,379475b7-f255-4e9a-b6df-d6b877260097,"Sounds really musical to me, which is great; so it's a shame then becouse operationally it's absolutely dreadful (worked much better in the past when i used it) it kept telling me to upgrade to family because multiple devices are trying to connect but there's only my phone connected to it and a caption kept saying 'oops some went wrong' when i tried downloading a track then checking downloads confirmed it HAD downloaded. but give it a try becouse it may work better for you than it did for me.",1,negative
36,f13bfc5a-1b95-4afc-8110-addacaa8812f,"I can't manage the _Now Playing_ list properly. When I check the queue, all I see is ""history"" and if I clear that, I lose all the stuff that played on the list and have to hit the previous button to get them on the list. There's no swipe gesture to switch tracks. Can u believe that the most intuitive gesture for media playing isn't available? Chromecast is worse than horrible on this app. If they don't want their products to work decent on other devices then maybe they shouldn't take our money",1,negative
37,c395d81f-7da6-4ffa-a849-66ea27da5d5e,"-2 stars : Firstly it crashes occasionally. Secondly it's mostly incompatible with VPN's (only your library is accessible when using one) and will also frequently and repeatedly ask for my Apple ID password (which seems to be completely optional, you can simply hit the return key to ignore it. A pointless security measure, which can get irritating if you're on the road for example) Other than that I love the app, everything else works great (: Using a Samsung Galaxy S10",3,negative
38,8082bfcc-55cf-4560-bdfb-5cd22e32575b,"On the apple phone and apple Tablet the itune app has the capability of accessing bluetooth and wifi connectivity. On the android only bluetooth is accessible. An update to provide wifi connectivity on the android ""Apple Music App"" would be appreciated. Otherwise the app works well.",4,positive
39,28f21144-3e61-4795-9dae-cf88c25e6c63,"Horrible navigation, can't repeat songs individually, need to dig just to find often played songs, frequent inability to play any music at all requiring uninstall-reinstall... It's very hard to believe that Apple could put out an app this bad for one of their prime IPs. It is seriously baffling.",1,negative
40,afc003be-eebb-4ff1-b234-8d9d1f2a2514,"Apple Music makes enjoying my personal music library easy, even allows me to stream or Chromecast my personal files, no forced beta testing, has search by song lyrics, and lots of options to control data and storage usage. The only things I think Apple Music needs now are integration with Google Assistant so I can ask Google to play something on AM hands-free (or built-in app search by voice), and better playlist folder navigation.",4,negative
41,1caa2679-298a-4ff7-acbe-7022056dbe86,"Not great on the Pixel 5.. Some reasons why: - When playing music, there is no shortcut to pause, stop or skip the track in the system UI (i.e in the drop-down navigation) - The time playing vs time remaining on a song is completely inaccurate - Music quality sometimes drops randomly - Music selection is rather limited in comparison to Spotify and YouTube Music",1,negative
42,2e4a2750-8b00-438d-9214-4bf281a13417,Poor interface for quick navigation at stop lights.,3,negative
43,22f45da7-a846-4234-91cd-c70b317a73d3,"Latest update is awful!! I keep getting error messages trying to add music to my library. ""Something went wrong try again later"" The reorganization is confusing. The easier navigation paths have been removed and it now requires going through more screens. I went from Beats music to Apple Music and things seem to continue getting worse.",1,negative
44,ff0aa8b0-6157-478e-81a7-85f4684bdc1e,"Unusable after update in 10/2020 I use apple music every day and pay for apple+ but im not sure i will any more. One i listen to to put me to sleep. To find it i have to search a song. Click, click again, then click one more thing, go to album, then start at the top. Searching songs and adding them is to much to bother now wich means i wont purchase songs. The navigation and user interface is completely unusable and unintitive after the update. Before would have been 5 stars.",2,negative
45,c2d383f9-1564-4d4d-8ffc-e76a4697255c,"Stayed loyal to Apple music despite moving to android as don't like Spotify but will have to switch thanks to the latest update. Several useful features have been removed, navigation is less user friendly and overall full of bugs e.g. no connection, freezes, closes by itself.",1,negative
46,0f1aa7c1-5664-4134-8bc3-8e35c08bc6c7,"The latest UI changes basically destroyed a perfectly good app. Everything's messed up now, the lyrics won't show up for a single song, search ain't working & why the hell is my library the last option in the bottom navigation? Please fix this.",1,negative
47,7aa2ff95-0819-4169-8ce7-3b10ef0067ef,"For customer service, no matter what prompt you navigate through via phone or email, it seems you will always end up at their billing dpt and of course they can't help you (unless you actually have a billing issues). You just get redirected. If by email, they send you the same navigation page which voila, leads you to the billing dpt again (lol) and if by phone, they put you on hold to transfer without telling you how long the wait is. Mind you, this is THEM calling YOU and putting you on hold",1,negative
48,6847b58b-3b0d-4723-b56f-67c1f585dcf9,"Huge improvement! Logical direction of navigation and menu behavior is much more in-line with the iOS experience of Apple Music now. The Playlist edit bug still needs to be ironed out, but otherwise this is a vastly better experience on Android.",4,negative
49,07522bb5-b262-465b-9d11-b579987a67c4,Nice app forlistening music My favourite feature view subtitles,5,positive
50,8e2b17f8-ea1b-4e4d-b602-2c28f70b348c,"Good for listening. Can be a pain to get music to download to my device and I really wish I had access to podcasts within the app. The latest update is stupid annoying. The listen now, browse and radio option are all basically the same thing, put it back. I hate having my main menu on the right side now. If you're going to do an update make podcasts accessible. It also randomly will pause my music for no apparent reason.",1,negative
51,d989a995-834b-458b-b836-e6467a4f1fa2,Everything is good except the fact that repeat and shuffle options are not easily accessible and have to used in the queue section. Please make it like the iOS app where the repeat and shuffle buttons are easily accessible.,5,negative
52,fd32848e-7ceb-4559-9423-262db1b4b85d,I lost myself in trying to break my attachment to my apple music was absolutely not going to happen I found all hope wasnt lost in my little world when I found out even Android users are not missing out the main reason I even kept an iPhone so long thank you for saving my sanity because I was gonna go crazy with out it and it was avoided and I now medicated by my apple music and I am now mentally well. Haha I am not joking I absolutely appreciate you making it android accessible,5,positive
53,0631c247-57d8-4482-a598-a29842b21a26,"Apple obviously has zero fÃ¼qs to give for Android users. Not sure, wth is rgo, w/this app. But, it sux BAdonkeyBalz, @least on my LG ThinQ. Takes 1/2 dozen tries to logon. 50/50 chance it stays logged in. 1/4 chance it saves playlists. Zero chance it'll save songs. Songs delay sev secs before playing & forget cues when paused. I got 6 free mos, thru Verizon. Yet, Apple insists, I ""try it for 3 mos free!"" It's like a blind, drunk, truck-stop prostitute, or an old circus monkey with alzheimers.",1,negative
54,01efc843-fad2-4422-b0be-efd806e38373,The repeat and skip buttons need to be more easily accessible. Their last location configuration makes ZERO sense.,3,positive
55,e8edfbcc-6957-4abd-959e-f5f33729ee55,"it's okay since all of my family have apple phones and I have an android and can still use the family subscription, however it's nowhere near as good as the actual apple version, it isn't the same as the ios app, it's buggy and obviously apple music is only meant for apple devices as it literally never updates on android. at this point, Spotify is better for android, so please, make it more accessible for android users!",3,negative
56,1a685a1e-1182-4fc8-b3ab-6631573fff04,Another useless apple product. Songs that I WROTE AND RECORDED MYSELF will not play or even be accessible on the app. Songs I've PURCHASED... THOUSANDS OF THEM I can't listen to because of them all of a sudden being in the wrong region? I used to love apple.... now.. they are just throwaway like everything else. Blech,2,negative
57,899fa4a0-25c2-4965-abf1-c63684e43240,.Stop getting rid of my music. My music dissapears and i have to go re-download (this is a seperate issue..) .Download all button? Switching phones suck... . .Split screen accessible ...? Plz,1,positive
58,f9237dd5-2001-47aa-90df-9f912deef7c1,"Apple music is absolutely an amazing app, with its sleek and simple interface navigation through the application to find music is a breeze. My favorite feature about Apple Music is that it works with Android. .",5,positive
59,e33728e5-364a-4853-bced-4838f8b360a7,Better than Spotify. I love how the lyrics are easily accessible. i can touch a lyric and itll transport me there thus saving me a lot of time and energy trying to learn vocals or lyrics to a song.... I wish there was a quick way to slow or speed a song up. But fantastic ðŸ‘Œ... Had to review.,5,positive
60,2e9f8051-629e-4714-a780-cd2dd04dae08,I find the interface more accessible than other streaming sites,5,negative
61,cac1657d-4ebe-4cfc-8b7c-c7d24065e2c9,"Consfusing navigation.. some are text links, some are buttons, some are gestures to navigate.. Some colored text are clickable, some are not. The most annoying thing that why would my Library is updating? I have to wait for unkown reason. Can I have static libraries and downloaded songs?",3,negative
62,a97438e3-9150-4016-9e19-ae09de88555e,"Some songs previously loaded to my library, will randomly not be accessible anymore and I'll have to delete it then re-add it to my library. Otherwise great app.",5,negative
63,77ee8391-74c5-4747-9ace-f6987ff66a4a,"Downloaded songs aren't accessible. There should be an option to view all downloaded songs together, like before.",3,negative
64,5d1c7d99-48be-46d5-9579-15e168595823,"Mo option to share music to Instagram or Facebook Stories. Difficult to download Playlist, it takes a while, and sometimes it doesn't download at all. Not all the lyrics are synced with the music. The search button should be in the bottom, making it more accessible for us when using the phone with one hand. If you type incorrectly a song or artist name, the app will not suggest nothing, nor find any music. It lacks of AI within it. Hope soon these issues are fixed. Thanks.",1,negative
65,8330dc4c-e13c-405f-8d5f-bf54c74ee345,Please put shuffle and repeat button easily accessible like on ios. Why do I have to click into something else to be able to change such basic music playing options. I feel like I have an iPod classic or something.,1,negative
66,697795d8-02c7-43da-84c8-f368104114b0,"My family is Eroupean so we are all into the sharing thing, my mom has a family sharing plan account with apple music. My family is an apple family with the exception to me, im android. But i love my music and anyone who seriously loves music, seriously loves this service apple provides. When i looked for alternative options to find a way to not have to chose the massive split between a phone that was user friendly to my specifications and handicap friendly, or loose out. I felt like i won!",5,positive
67,ee2335e2-7714-41f6-8d3a-978f936bce66,Navigation is not what I am use to but a good app. And I have access to my apple music account.,4,negative
68,0f2cf847-9515-41a5-82d5-0262d45a1b05,Now playing panel above app navigation buttons always goes missing. I also encounter scrolling lag.,3,negative
69,2b31cf16-4ea3-4591-8d4b-d6c5e38492c1,I love the Playlists and collections. Apple should make it more user friendly though in terms of navigation and also put the repeat function.,5,positive
70,78eeea5d-39f1-4837-8cc3-433a0813fef4,"Navigation is poor, can't find movies",2,negative
71,d93fce3b-0559-4aa0-8f28-4c9bffb706e1,"Current version of the app annoys me a lot. Firstly, the app crashes every time I try to navigate to apple music through the status bar by tapping on a song that's currently playing. Secondly, I use repeat buttons a lot and they are just painful to interact with due to history tracks taking all the space of the screen while the repeat button is hidden behind ""back/play/forward"" buttons. That's some awful UX, I wish those buttons would be somewhere they are always accessible.",1,negative
72,ff11f0f9-9634-4d45-b942-4c09e4714ab9,"Can you please make like/dislike option accessible in the notification window as well? Also, the like/dislike option on the now playing screen should be shown right on the screen rather than keeping it hidden inside the overflow menu. It creates qn additional step for users which is weird. Also, as soon qs we dislike a track, the next track should start right away. As of now, the current track keeps playing even if we dislike it.",3,negative
73,069f14a5-2ae7-43d0-b266-300eb2085d9f,"Have been using this for a few months, terrible interface, terrible accessibility on non Apple products, and it has stopped playing music all together. Not worthy of a download or subscription.",1,negative
74,f7579661-6054-4c89-808d-a36adb60a0f4,"downloaded music will still need a data connection to play Edit: downloaded music won't even show up in search Also doesn't except sound vibration setting of the phone. Whenever I shuffle my music, it always played the same songs",1,negative
75,18614236-a717-4366-be81-b2f358a1dd2e,"By far the worst music app of the big players and I have used them all extensively. Constant network/connection errors, slow response, more limited library than some, and very cumbersome navigation are just a few of the issues that plague Apple Music. Canceling my sub and won't be back.",1,negative
76,3e4096f2-6ffb-417b-a7cf-752dbf5a246e,"I like this app but I'm not a big fan of this update. I like the lyrics option but I wish you could just have the lyrics play over the album cover instead of opening a new screen. And I miss being able to just scroll down to see the up next playlist. Also dont like that the options to add to playlist, like/dislike, and download are now less accessible. I liked having those options right under the album cover.",4,negative
77,7fdb5399-f127-4e29-8125-025f973c57ad,"UI became little complicated . previous UI was good ,to look upcoming song (que) all we have to do scroll up now we have to use the button ! Please put the gesture back",5,negative
78,c1f8152d-6e30-41a9-8586-c5b5908666bf,"Having moved from Apple to Android phone I wanted to keep my iTunes library and music. Found the app very unused friendly downloaded music, albums and songs. This was in particular the case with downloaded music which the app seems to dissect into solo tracks not always the playlist in which it was downloaded from?! Huge icons, poor navigation around finding music you've downloaded all make it awful for android. Now have spotify for the first time, finding this much much better.",1,negative
79,d56728cf-a432-4c72-851a-a5069e20a0ef,"HORRIBLE!!!! Any attempt to cancel subscription says store is temporarily closed, but if wanting to upgrade, no problem. Really, truly awful navigation and customer service.",1,negative
80,5b2ee8d7-668d-4811-ac22-25e545b169a2,"Very good experience with my new iTunes account. Shame the last one lost over 8,000 music files but now the app is really quite versatile. Only thing I would change would be to have more accessible options for an android platform, but hey ho - you can't have everything.",5,positive
81,5cfb851a-5bc3-4896-b7d8-8765a51a1460,"Bad UI, inconsistent experience. This update in 9/19 was horrible from an ease of use perspective. I now have to click way more buttons to do things and navigation is much harder. For instance, checking out an artist takes multiple clicks and opening a menu. Beyond the terrible UI, it's slow and sometimes music playback just stops. If I didn't get the subscription for free, I'd never use this service or app. Realistically, I may just stop because it's so frustrating.",1,negative
82,31244ff7-5e92-4502-96a8-0db8a4cfcd15,Great over-all. Super user friendly and extremely organized. Only downside is Apple Music isn't accessible in other apps like Google Maps.,4,positive
83,9c9a2d72-019e-4c77-8628-bc2419b9d6da,The worst music streaming service out there. Since the new update all of my playlist got deleted and are u accessible the experience is frustrating and very unapple like. Wish I could give 0 stars.,1,negative
84,c972ad6a-f754-4e65-a661-7c7c487b3392,"Android 10 crashes often, crashed the os twice, needs to be fixed with gesture navigation on pixel 3 xl",1,negative
85,d45fbd58-9cb0-4d3e-927c-0139cf11e1ff,"Well, pretty good UI, colors and navigation. Also great music library. But there are some big cons: 1) Terrible alphabetical sorting among artists, almost all artists are out of phase - big and very annoying bug. 2) I'd like to see volume slider while playing song (as it realized in Apple music on iOS). 3) Despite being rather fast, Apple music is laggy in many situations: long album cover appearing, not instant menu to see artist page, hinders before song starts. Pls optimize the app on Android",3,negative
86,6abf9d7b-871d-4694-946c-7a0a2bab4517,"These days pretty much any music subscription service has all the music you love, good streaming quality, and some sort of ""you might like this"" recommend music. So the only way to stand out is pretty much user friendly interface and navigation, and curated playlists. And at this point Apple Music only deserves 2 stars - ugly interface (IMO opinion of course), immediate disruption of a service if you decide to remove your credit card during trial (really something new, no other service does that)",2,negative
87,8caf3a2c-15f6-43db-8a8c-7174de284519,This app constantly pauses the music when ever i have the navigation system on and lately it just stops the music. I hit the play button it pauses it again! Terrible app,1,negative
88,78f2eed8-9f1d-4411-b9e8-8c1a8dcc40a1,"As a regular MacBook Pro user, this was a very noble gesture. Apple has a reputation of being too snobby for other technologies, keep up the new attitude! As for the app itself, great work as always. It's actually easier to use on Android than on iOS. The playlists and music library features are very well designed, and ability to download to device is a plus. It's also nice that it's dedicated to the Apple Music service rather than a fully integrated music player.",5,positive
89,f2204e72-d7e2-4226-ab89-79faae0a7824,Purchased tracks from iPhone are not accessible,1,negative
90,49d92c7c-452e-4acc-99b9-b9807c6fa76a,Navigation could be better. Sometimes you have to hit the back button over and over again to get back to the main menu. Recommendations need a lot of work to be useful.,3,positive
91,eb7fd5f3-5a0e-4f97-823a-4221aea12f44,The extensive database of music and easy accessibility is top notchðŸ‘Œ,5,positive
92,5326e8d0-ec7d-4917-92e4-65c55538d4c5,"Alright, so I dont know why this app seems to be having more issues with each update they roll out for it, but its getting aggravating. The music will randomly just stop, my downloaded music that is supposed to be accessible when offline? Cant play it more then half the time, and when i can its a 5 minute wait to do so. Ive un-installed and re-installed and ive re-downloaded every song, and its done nothing. Used to love this music app cause it simple and no issues came up.",1,negative
93,75df528b-a786-4e49-9c35-b3f23dcb3860,"Navigation sucks, ui is lackluster and outdated. Great songs, playlist could be better.",2,negative
94,a8b2f0c1-5354-498e-8444-a436a093a54b,"The apple music library is far versatile and extensive compared to any other streaming app. The personalized music section, that is, the 'for you' section could come up with better suggestions if apple music makes the like and dislike options more accessible by keeping them more upfront. So that it is easier for users to show their like or dislike for the music. Honestly, it is quite tedious to again and again unlock your phone and open a menu between songs to like/dislike songs.",4,negative
95,a043a240-41ff-4b6d-9fac-6c525455702d,I like the app but it's not as good as the iOS version. Some album arts cannot be loaded or half-loaded. Also in 19:9 screens there are too much white empty spaces on Now Playing page. Furthermore I think it would be more freindly if search button was located in the bottom navigation bar like the original version.,4,negative
96,481a30ee-2b73-4589-9487-929f6f01312f,"After a mixed experience with this service in the past, I decided to give it another shot with buy 1 get 3 months promo. The reasons why I dump this for spotify are still there: 1) Navigation is painfully slow compared to ios version. 2) Personalized contents are jokes, srsly. The 'For You' section only gives you grouped contents (like specific artist / album) not songs, and in some cases they're not similar from the artists that I listen to.",3,negative
97,e554f417-a355-4039-a4f4-7dca6a8e2cf5,"even once I logged in, it wouldnt let me see my library. I have purchased music and none of it was accessible. Tried to get me to buy apple music.",1,negative
98,d1bf16ac-7072-4b04-aaae-687d7dfd980e,Loving it after the latest update that brings the iOS like navigation. Just also bring the search to the bottom navigation.,5,negative
99,28a5445b-199b-4cfa-8c42-7032aa2cd892,Not a fan. Too many to talk about. Quality is one. Navigation is a huge disappointment for me.,2,negative
100,6a6722c9-71d8-4a24-aa93-f1397c2ebcf8,"If you want to make me keep using your streaming service you better make it accessible to android users. This app is complete garbage compared to the iPhone counterpart. It is slow, crashes often, and works a quarter of the time. Not impressed.",1,negative
101,58b7ea38-6113-4f88-9be3-70e917b890f7,Everytime I tap on any option the phone vibrates. There is no option to turn that feature off. I have to turn off the notifications for the app to get rid of the vibration.,1,negative
102,a27e638b-1012-41d0-a83b-564ba55b028e,"Was amazing but keeps crashing. The latest version off this app causes the app to constantly crash during songs playing. I have used apple music for a while now and its deffinatly the best for navigation and access for songs, but if the problems of crashing aren't fixed soon I will be looking elsewhere for a different app.",2,negative
103,ee525390-1de0-4b42-b60f-dfbca1419244,"Below Par. OnePlus 6t with 6Gb of RAM. the downloads perform pretty terribly, music is hard to multi-select to add to playlusts, navigation isn't great. it's no spotify. also, take a leaf out of the UI of Groove Music.",2,positive
104,16e41120-81a2-4e3b-8bb1-27e0d840c8bf,navigation is easier than spotify. still sucks ass for all the bugs it has on android.,1,negative
105,c1688940-c0e9-4502-940c-a59676d74324,"Really not expected from Apple. The interface is boring, navigation isn't smooth. Half the time this damn thing doesn't load. Something as simple as shuffling music from a particular song isn't possible. Rubbish.",1,negative
106,170600e9-cd97-44cb-90e1-091a257ac0d4,"The app si getting better with every update. However, there are some performances issues when scrolling a large collection of music and navigation is somewhat slow. It can be better. If I were to rate the service as a whole (and against the competition), I would give Apple Music 2 stars. Why? It doesn't offer a web player, you can only manage your subscription through the app or iTunes and if you are a Windows user, Itunes is most probably the worst app you can install on your PC.",3,negative
107,43b3fc22-5602-4ac6-82eb-a167e4b92f42,"I welcomed the new update 24/1, some bugs has been fixed, but I prefer more features, more accessibility like Spotify UI.",5,negative
108,a3482800-a8ea-4e66-9b69-ea4e7b2f83b2,Crashes and freezes. Download doesn't queue. Downloading doesn't start sometimes. Songs stop randomly even when the connection is great. Login stops working at times. White screen issue when I open the app. Navigation gets stuck. The only thing that this app does well is it gets minimized when I minimize it. Please fix this. All my music - paid and subscription ones - is accessible through this app.,2,negative
109,6af3ff8d-2308-45c7-8b49-e44528fda3eb,"Doesn't let you listen to a single song you've already paid for, but if you like being asked at every navigation point if you would like to sign up for their paid service, it's the best! Honestly, it won't let you download your library. Apple is one of the worst companies in the world, IMO.",1,negative
110,18c8b180-cdba-4c84-82bc-aaa0a7d24c33,add bottom navigation bar instead of side menu.,3,negative
111,25e55c9b-aa0e-46d5-ad0c-e1531f7dd07f,"Please add navigation button (play/pause, fwd, back) at control center",4,negative
112,94b9b68e-7f23-455a-8d09-861beb5e227b,"There are delays added to the app to make it seem slow, too much white space, poor navigation.",1,negative
113,049c7ece-5848-486b-b231-34643704ecaf,User-friendly and quite accessible...the Best!,5,positive
114,def578f6-0d2a-4b0b-b218-32354c85661f,Won't let me sign into my apple music account even though my account is accessible online and on other devices.,2,negative
115,076e4efb-1b5b-405c-9c19-9255924e9201,Navigation is abominable still after all this time. Good luck wading from the depth of menu hell.,3,negative
116,a13ac70f-9df9-41fa-95af-67f8efdd4bf0,"Fantastic. All the music I love. Modern, classics, theme songs, so much more...as an Android user but a fan of iPhone, I absolutely love Apple Music...iTunes for Android. Endless selection, superb sound quality...easy navigation in app...fantastic. I absolutely love Apple Music.",5,positive
117,de31ea42-981c-4a45-afb8-456191e9891a,"Laggy, keeps buffering, lack of different playlist, and awful navigation layout.",1,negative
118,c0ccbb6a-bd1d-42fb-9786-b01bc961c1ea,Absolute garbage. I have to beat the app into submission before it will download any songs and is missing so many simple key features that it's painful to use. Not to mention the crashes and horrible buggy navigation. Please please please fix your app.,1,negative
119,1b913423-93b8-421f-9fe8-934bbd58d0cb,"Improve the navigation and UI so it is kore bbn intuitive, and improve stability so it doesn't crash and I can give this app 5 stars",3,negative
120,91893288-dacf-4b4a-9735-a9d0053cff42,"It's a great app for being accessible and affordable globally. I wish it 
could also be tailored to work with the different network parameters and 
internet speeds.",3,positive
121,0c7a5afb-3131-423c-a51f-a0502d2a49fa,"Well Done, Apple! Once again you wondered how your Progenitor might have 
acted ""outside the box"" making a unique service that continues to improve, 
accessible to Android ~ Genius!!",5,negative
122,34c0b64f-2990-4704-a327-ff32a93ecfa5,"The app shuts down too often. Frustrating to use it. No one likes to pay 
every month for unlimited songs and have a pathetic app which doesn't let 
us enjoy those songs. Also, move the navigation bar to the bottom. Why 
can't it be as smooth as the ios app? Kindly do the needful.",2,negative
123,342d6ee0-1acf-4f12-80a1-5085b83e0c94,"Of all the music apps this one is the most difficult to navigate. All of 
the visual real estate is occupied by music that they are trying to get you 
to listen to, instead of making the music that you like easily accessible",1,positive
124,b9c3a02f-b8bb-45b2-9ec3-8dbd10be5d37,"Fantastic music streaming app. The new EQ addition is great but i would 
wish that i could access the EQ easyer so i dont have to go back to the 
main meny everytime i listen to a different genre of music. Maybe make the 
EQ accessible from the song option tag. Keep up the good work!",5,positive
125,8049a345-60fa-4c11-8a41-6a676065323f,"This app is buggy for Androids and it honestly just sucks navigation wise 
on both an iPhone or an Android, the radio stations are terrible and the 
shuffle button literally can't do what it's made for, shuffle your songs, 
it plays the same songs ALL the time I switched from Spotify for my Apple 
watch when I had one and regretted it imediately and since switching to my 
Google Pixel 2XL I hate it even more, I only give it two stars because the 
content is solid and the layout is attractive otherwise a usueless app with 
a terrible design.",2,negative
126,8a84ebf9-4fc5-47cd-91ec-aabddbe70443,"Button for accepting terms isn't even accessible. It's like they don't want 
my money.",1,negative
127,6991a01e-f8b7-46a5-9638-7e9f3a4305bc,"It's buggy as anything. Occasionally pages don't load until the app is 
reset, songs also don't always play until app reset. The widget in the 
notification list likes to reappear after dismissal, when it then doesn't 
work and wont go away without forcibly closing the app. Navigation is ok 
but not particularly intuitive. It feels like you have to go an 
unnecessarily long route to get anywhere. The recommendations are 
atrocious. I am into heavy metal and it just throws up anything vaguely 
alternative regardless of how it relates to what I actually listen to. 
Spotify does discovery so much better.",3,negative
128,138518e6-2f64-41a4-92f9-469f8fdfd3b0,"Good when it works, though where's the bottom navigation bar?! That would 
simplify things and make it easier to navigate the application. Right now 
if I'm listening to music and have searched for a song and go on with my 
day and return to the application and want to access my saved music I have 
to press the back button alot until I reach the main page so I can use the 
navigation drawer to then press on songs and then downloaded songs. There's 
too many clicks to achieve the same result that I'd be able to do in 
Spotify using two clicks only...",3,negative
129,ef8a3bf7-37b8-4477-92ea-adc727a4be3e,"Good overall, I would turn navigation in app in white and fix some minor 
issues like if song already downloaded and you have internet connection 
don't check it again (with slow inet sometimes it takes 10 secs to start 
the song)",4,negative
130,d73d1c0f-cef5-47a0-ac13-1915772f42f7,"This App has let me down...as a previous iPhone costumer, the thought that I may still have access to all my iTunes music was exciting. Now only do I find that half of my purchases are no longer accessible is such a let down...TERRIBLE is the only way to describe it!!!!!!!!!!!!",2,negative
131,d22390be-c2a5-49bf-a95d-680932d571d4,"Used my free trial to give it a try as an alternative to Spotify. Much prefer Spotify's interface. It has easier access to recently played music, easier navigation of saved music, it doesn't crash as often. I've never had a problem with Spotify not being able to load DOWNLOADED songs like I did with Apple Music. Been using it for 3 days and I already want to switch back. I expected better from Apple",3,negative
132,4f0edde1-0032-41f6-905b-46b62378b14c,Would like to see a navigation bar in the android app just like there is one in it's iOS version.,4,positive
133,d7ccc367-e511-448e-9675-552666487c02,Not as user friendly like Napster. The navigation through your playlists could be easier. Who wants to scroll to the bottom all the time? I'd like to pick up where I left listening to my playlist and not be put into Radio. It's annoying!,3,negative
134,66dc2e07-6a92-43ba-ac44-83c3d8ab73ea,"Could be the premiere streaming venue on all platforms if anyone cared about cleaning up the bug ridden Android version. The apparent lack of attention is criminal to this app because I think it has the cleanest, simplest, and frankly most functional navigation out of the readily available streaming services right now... until the app crashes 3 or 4 times trying to play the same song, or deletes most of your downloaded library or begins playing a different song than the one that is displayed, or... you get the picture. It's not perfect but unfortunately, for my purposes, it doesn't need to be ðŸ˜§",3,negative
135,c097928e-cfa4-4bda-983b-98b880a71ee8,"Poor graphical interface, very little intuitive and limited. Not very user friendly. Compared to the Spotify is very little developed, both in terms of music search and navigation level. Unfortunately my provider Spotify has changed the offer for Apple Music.",2,negative
136,6fd39da1-1bf1-4cf2-a7a5-4f9ac67122a4,"Its okay. It plays music well enough has nice playlists but sucks when it comes to creating stations. App navigation sucks too, it should be easy to switch between my library and search/discovery i dont need to press the back button 50 times just to get there. Also it would b nice to be able to search within a playlist, arrange playlist in alphabetical and delete duplicates by choice. Then it would be worth the membership. Wish I could give it  2 1/2 starsðŸ˜§",2,negative
137,826b64e1-1551-4206-b762-86156b0f861a,I actually quite like the user interface and the navigation of the Apple Music app and I've not experienced as many issues as others seem to have but there a few bugs. There is often a loading delay when you want to start playing a song. Also even if you've only added a few songs from an album to your library sometimes it will keep playing the album tracks that you didn't add.,3,positive
138,ee54dab9-16bb-4821-9883-b7d75b53e228,"The Apple Music service in itself is pretty good, with a clean and organized interface, interesting functionalities and the music library has a wider offer than what I was expecting. On the other hand, the app doesn't do the service justice, with it's various bugs making for a rather inconvenient user experience. The app crashes very often and whenever I play any media content with sound (which is a constant when using social media apps) the music doesn't restart automatically after I finish watching it. Also the notification bar player closes, forcing me to go back to the Apple Music app to resume the music I was listening to. Downloading music to my offline library is also a struggle more often than not, since the downloads seem to have trouble starting.  I'm currently on the free trial period so I've been overlooking these issues but if these bugs persist after the trial period I'll probably look for an alternative streaming service.  Other suggestions include adding a replay button and making the For You area more easily accessible, I always forget it exists.",3,negative
139,051c7b07-2b03-4057-ba60-cae19b24c8c6,"Still rough at the ""edge"" use-cases, e.g. how it handles removing/plugging in headphones, app navigation is better after beta but still can confuse or take too many taps, hard to discover new music that wasn't simply released this week (iTunes desktop bad at this too. Compare to competitor's ""similar artists"" feature that is more enlightening and easier to navigate/discover in general.), volume warning is overkill when using Bluetooth to car, etc. Also seems to be a moderate battery drain even when not playing. I subscribed for a year, but going back to competitor now. (Plus I want something that works on Linux and maybe Chrome OS too, via browser at least... Unfortunately no such thing coming out of Apple's bubble in the foreseeable future.)",3,negative
140,9b7cb099-f9b5-4518-b2ec-6cbb8ee140f7,Love this appðŸ’ž This app contains all of my high standards. Very accessible and easy to use and understand.,5,positive
141,18aa1c53-de87-4aa5-86bc-ce4503b30ece,"Low quality of navigation, poor suggestions, unreasonable network issues sometimes",2,negative
142,6cf2bb64-b38b-4ddd-9aca-08ec5a4293bd,No multi-tasking support. No lyrics. No navigation bar for easier navigation around the app.,3,negative
143,0a009a9a-8dfd-4c61-a720-f626e491ab0f,"Had a few issues, songs wouldnt play or would just loop, as well as not being accessible after being downloaded. I thought it was something to do with my internet connection until I read other reviews.   I would say it's not worth it unless you have an Apple device, the interface is nicer than Spotify but not worth the glitches.",2,negative
144,2f2a5cd1-d4ab-43a0-a423-991b76f32c3e,"Way to many bugs they have to fix! Had it multiple times that I couldn't play a song I downloaded earlier, that I couldn't put songs to the queue and that the app crashed out of nowhere. Also the loading times during navigation trough the search function are miserable long. Had it once that the app played one song twice at once! ATM no serious alternative to Spotify! Looks different on IOS. Much easier to use and less bugs then android!",2,negative
145,cd678c4c-0938-4609-a595-03c5b528068d,"This app is pretty great but this new update is horrific! Please fix bugs such as cutting songs off half way through, buffering, and just easier  navigation in General! Please please please fix bugs!",4,negative
146,47295c32-97e1-42ab-ba38-c50098cc016b,Great and easily accessible,5,positive
147,7f897901-1421-4e47-9cdb-23a63ca81533,"Has improved a lot lately - better UI, no crashes, and easy navigation. One thing that has disappeared though is the ""now playing"" bar at the bottom of the screen. When I'm actually playing music it's there, but if I close the app and reopen it again later, it's vanished, meaning I have to manually select whatever I was previously listening to which is just a pain, especially if I've queued a selection of songs that I now can't get to. Fix this and it'll be a much better app.",3,negative
148,398ddfa1-8b6d-441f-8396-586fb70c04e1,Didn't expected such bad experience with the application. Navigation through the app is tough doesn't even have a basic feature like deleting multiple songs at once. It would be better is you don't create an app for Android if you are not interested.,2,negative
149,7ff8f2ab-71d3-4e35-90b4-d2a55accac7d,"I use this app to discover new music while commuting. It's bad at discovering and bad at commuting.  The music being recommended is mainly recent trashy radio music; I discovered only a handful of interesting artists in several months of use. Most songs are missing lyrics, there isn't any artist or album biography, and no music videos (which I'd expect from a paid subscription service).  The app doesn't handle spotty connections well; it doesn't preload next songs well enough and doesn't save recently played songs, so it often stucks when navigating back and forth, or just gives up on the current song and skips it (!). For comparison, Netflix handles itself much better, with ten times the bandwidth requirements.  On top of that, it is fairly buggy and doesn't support advanced features you expect from top apps, such as split screen support to run it along with navigation.",2,negative
150,364a72f6-26ba-475a-8170-05678bf027d0,"Cancelled my Apple subscription because it is terrible on any other phone but an iPhone. Way to be inclusive to us plebs, Apple. I'm switching to Spotify.",1,negative
151,5d0c373f-443c-4c69-a102-ce94d663e182,"This app takes up 85% of the available internal space I have on my Android phone with no way to move it to SD card. While id love to listen to music on my phone, this app prevents me from using and downloading any others. 1+ gigs of storage? Why? Photoshop takes up less space and the app is accessible with no wifi or data, unlike Apple music. ""Downloading"" songs are not really downloaded so, YouTube it will be for me.",2,negative
152,57890b2d-bcb5-4886-89fa-acfa102e5ddb,The App Needs A OVERHAUL! Maybe a dark theme or a layout that's more appealing to the eyes. Other music apps have their navigation buttons on the bottom which makes it so much easier to use. Honestly thinking about switching to Spotify so much better.,1,positive
153,8df370cb-e7f1-4473-a5db-4ef70cd98aa7,Awesome sound quality. And colour contrast is much attractive,5,positive
154,bb198df4-3763-47f2-b11a-88c992115bb4,Suggested music is nothing like I listen to and navigation of the app is awkward. Google Play music and Pandora have much better suggested music algorithms and have many more playlists.,1,positive
155,83203a27-e6ba-4200-b19c-eafe8caa5915,Not a fan of navigation buttons still there while watching a video.,4,negative
156,2160ce30-250f-46dc-bb66-c1eaa60750dd,"Tbh the only reason I use this is bc it has artists Spotify doesn't have. The navigation is easy enough. However, when you make a playlist,  you can't sort it and it doesn't tell you when you've already added a song so you could potentially have that song on there five times and not know it. They took away the ""offline only""feature which I liked because it made navigating the all easier when not on wifi.",3,positive
157,a7ea0492-be11-4b37-8f77-a5795487987f,Very very very disappointed with the new layout... Where is duration? Or easily accessible like button? Where are new styles and artists playlists? And still having difficulty login in... came back knowing I would pay more and lost all the features I loved most...,2,negative
158,528ae6bc-2246-413e-883f-aebd5ea5cc20,"After this update, I feel like this app is ruined. I can't find the Up Next thing, it freezes all the time, things are so big displayed like I am a blind grandmother. Big nope. I regret the fact that I updated the app",2,positive
159,e10154cc-92e1-402f-a65c-4784f55e112b,"After the update, I don't see all the songs I used to have added under specific artists under the artist section in my library. On my old phone with the older app, everything is there (albums and individual tracks I added) when I look at a spefic artist in my library. Now I only seem to see the albums I added for specific artists and now its hard to find individual tracks (not part of the artist's albums) that were once easily accessible in my library before the update. I'm disappointed that update affected my access to songs I added to my library that were once easier to find.",4,negative
160,ce2ed3af-74f9-4a8f-8f70-44b4a0dac6c1,"Honestly I've been holding off on this for a year because I hate giving bad reviews... but my patience has run out. The navigation is terrible, the app always crashes, and it always says ""something's gone wrong, try again"" which you can click all night and nothing will happen. It decides when it wants to work and when it doesn't. Honestly just get Spotify it's better in every way. I've waited for this app to improve and it hasn't, it's almost worst now because they've removed the BETA tag and it's still useless",1,negative
161,90baa3a1-3592-4336-9d62-5c55d62dc82d,"I've been looking for a right streaming service that is able to utilize my iTunes library. I have a droid cause screw Apple hardware, but I never thought AM would be on droid. When I found out it was I had a lot of problems with it. It would constantly crash every day....then the new update came out which fixed nearly every problem. It's been a week and it hasn't crashed once. The library and store is faster, and much more accessible. Little touches like being able to see lyrics, see the what's next and remove or add songs....I am sticking with this app. And if they need it up again I'll just go back to Google music so....hey.",5,negative
162,59e0b03c-a73c-472f-b2fd-c56c2bb42db5,"The updated design is much more elegant. The lack of support for Chromecast continues to be a minus. The app still contains bugs, but hopefully regular updates will fix that. Navigation is still a mess.",3,positive
163,289f6992-2937-4cbb-a535-a6d1e2cf2619,"The new UI makes the app more beautiful, and my music less accessible. The old UI allowed me to get directly to my library and play my newest music with a single tap. Now it's a jump through different pages.",3,negative
164,a3677ec4-343a-49ae-983f-6a63cb933738,"The UI is just appalling. Everything is too big. The DPI scaling is non existent. Looks absolutely horrendous on a 5.7 inch device. The navigation is overall much more intuitive in Google Play Music, although this app is much more stable and glitches out far less frequently than GPM. Also +1 for family plan outside of US.",2,positive
165,64088f40-4c10-45ce-9b71-f300df01a39d,The new look makes it sexy asf but i would have loved a volume slider below song navigation keys like ios seriously the space would be applied n it would be great trust me ppl will love itâœŒâ£,4,negative
166,c75bea8c-000d-49dc-b56d-6b967cb4ad13,"EDITED REVIEW. The new update looks fresh as ever, really focusing on accessibility. Finally stopped crashing so much, so I definitely recommend over Spotify.",4,positive
167,766010b8-b8ab-4caa-97b3-56585338050f,"I downloaded this so I can listen to podcasts, only to find out there are no podcasts accessible on this app. So basically this is just a Spotify clone. I'll stick to Spotify.",1,negative
168,485ac8ce-ed7b-47bb-acf5-e2408ab69a7b,Navigation issues - jumps back to the main screen from a search. Sometime stops playing and loading a song. My WiFi speed is good.,2,negative
169,1794773a-1549-4c16-a1b8-0d64440294ab,Creating Playlist always fails.. AND NO SUBTITLES. Lyrics.   IN APPLE phone THERE IS Lyrics . I want to create my own playlists from albums. All official Apple Music Albums once downloaded and then when i want to create playlists it always fails..,4,negative
170,eca2f27c-8197-4453-b1ce-cb5b75718e83,"Compared to google music and spotify, won't sync music between android and iOS, navigation is terrible no links to artist,album,related from the options of the current song, app closes if you open any other app that uses audio 3 month's free trial and I won't be paying for it",1,negative
171,ec879b76-502d-4e8b-9dba-2b87276a34a4,"Solve the bugs, we pay good money on the subscription, we also lose precious time reporting them. The automatic queue and the navigation are broken for months if not for more than one year and this is only part of it. I use Os X for years and this is the worst app they have, no matter the platform. Even if they'd use students or interns to develop it still it would have been a far better app.",1,negative
172,f7bad486-06c9-4e1f-9463-c2b5a9db4074,"It's a great app, almost everything is accessible. However, trying to mess with the list of tracks playing next is bugged. Whenever I mark a track to play next, or be added to the list to be played next, it grabs the tracks it already played and puts those in a loop instead. The song I wanted to listen to next isn't even added. Bad bug for a seemingly well-made app",3,positive
173,3fc9c694-6b9b-4709-a415-21f6b4132fb3,"I wish the UI was more accessible and wished it was easy to find playlist you like, make it like Spotify and this is an easy 5 stars app",4,positive
174,c8acbbc3-b0d5-483d-88d9-34c8fd5c133e,"The amount of music that hits apple music first with big name people, especially in the Hip-Hop and Pop Genre is incredible. Apple Music is onto something with its promotions and accessibility. However, I am not sure if Spotify is the only music application to crossfade music but that would be a wonderful addition to this app. Also, often frequent and random crashes have occured, however this may just be due to the type of model I have too (Samsung Galaxy S6 Active). Regardless this is a solid music app",4,negative
175,2687cff1-a43d-4459-8630-9a2f826347dc,This app is cosmetically bad and awful gesture features. PLUS!!! I'M NOT GETTING YOUTUBE RED ðŸŒš,1,negative
176,52e9303a-09d2-4ebf-b109-0e1774a6f24f,The navigation is bad. Has many bugs.,2,negative
177,faededa5-69d4-4ecd-8de8-4b1412e51477,This is the way music accessibility should be!ðŸ˜ wouldnt hurt to enable theme options for personal customization !,5,positive
178,901e2493-fa3c-4382-937e-e814611fb7ba,I've been using Apple Music service for the past 1 year but only to realize most of the songs I have downloaded and saved in my playlists are no longer for download or streaming lately. I don't really understand how Apple Music's policy works these days but this is getting ridiculous. What's the point of subscribing to this when some songs are non accessible to users? At least make it streamable.,1,negative
179,1fc47dc5-82cc-4df3-a9e4-c5ad2c00bd96,"I want to love this app so much. I was so excited to have my itunes library accessible on my Note 5. But it lags, it takes a while to connect even while I'm on WiFi and half my music (quite a bit of it being from CDs I own that I put on iTunes) says it's not available in my country or territory while other CD music plays just fine.",2,positive
180,9b3b7666-b76a-45b7-9f05-0e048cd97c3a,"Music recommendations are pretty bad in comparison to what is seen on Spotify, Spotify clearly has a better learning algorithm.  Also, I hate how the app switches off when I decide to play something like YouTube, it should continue/at least be accessible from the notification bar after the video has finished.",3,negative
181,4dd04722-cfcb-4c0b-ab7a-2c8a1ef6049e,"Lots of issue in navigation. Upgraded to family and got charged 5 times INR60. The member i invited is still being asked to join Apple music with the two given plan. which like insane. There are ton of feedback, all i can't write here. How come you can release an application in such a premature condition. This application is good in term of music collection but it's not at all production ready...",1,negative
182,d8b3ae63-84a3-479c-806a-08e14f207547,Navigation is pathetic,1,negative
183,404acb81-0e2b-46ed-a636-7f6c19d62125,"Canceled my subscription and uninstalled. There is NO REASON why I should be charge every month with NO ISSUES, but the moment I try to listen to my music the app won't load at all. You all need to do better! If you are going to offer a service to Android, please make sure it is an accessible product!! -End Rant-",1,negative
184,63897963-a7a3-4faf-867e-c96f4bb0d444,"Unstable playback (always interrupted on LTE). Slow search and navigation (I like progress bars but not so much). Recent update provides new error messages e.g. ""Something went wrong"" after i open a suggested playlist. The only thing keeping me, is that I cancel my Play music subscription already. Update: after reinstall crash on start",2,negative
185,8625058c-c34a-4ae9-bc1e-2c45c2ba2d25,"Functions such as ""play album"" or artist isn't everywhere where it's logical. Lastly the navigation is long while some are short, which is a priority problem",2,positive
186,7434ba30-2f7d-4188-a6b2-405644d0cf2a,Apple would do well by enabling a caption option for Android users.,3,negative
187,afa764f0-1787-44f1-b4de-d61a279f34ab,Good variety of stations. Easy to use.  Just one request. Please make it accessible with Android Auto app.,5,positive
188,6d20fa41-5853-4446-a6eb-a8d64657eb97,"Great content and sharing features. Navigation is just ""ok"", I'd like to see a few tweaks. For example, you can't drag and move song order within a playlist. Performance is solid and music curation is good.",4,positive
189,fda5b7a6-88ec-4c0a-b1f5-4987ed03491c,"The best Music store so far. Can find all in one place!  However, 2 things for you to fix and develop..  1. When we search a song/artist and click one option (Albums, stations, etc), always the first song which is in the top is hiding behind the navigation bar. Please fix that minor issue for our convenience. Thanks  2. If there's an option to control the Audio EQ it will be great. Please consider to add this option too. Thanks",5,positive
190,aa2c5713-eef1-4443-b2d5-c4cb7180d14b,"Hard to find some shows like the alligator hour, not the best navigation. Also the notification window controls are black against my black background... :-( no hope screen controller too",2,negative
191,13bece88-2a95-4602-8e55-02b8d6571612,There's no simple navigation to get what you want off of this,1,negative
192,7be7e093-7261-4ca9-9f0c-22359012696b,Not sure if it is just me but the navigation in this app isn't intuitive. I'm constantly thinking how I link to related music. The library is fantastic though but the quantity is leagues behind Spotify.,3,positive
193,daec37f4-d7e7-4437-b58f-909bb856f9ca,"This app is very under-developed, it's slow, sluggish, and clunky. The Interface and navigation is bad. Some bands and artists are not available, yet they are on every other streaming services. But the app it does what supposed to do, which listen to music, and choose various pre made play lists. I almost gave it 2.5 stars, but I guess there is room for improvement.",3,negative
194,5fde2cc0-d65b-4827-9138-49cff5f3ae48,"This product feels so incomplete so I don't know why they want to take the beta word out. It's not fluid, navigation is not consistent and swiping on tracks  doesn't work anywhere. This needs a lot of improvement.",3,negative
195,5514a925-922b-4e45-b585-269706fdde63,"Can't download (or seemingly even buy) songs on this app, unable to stream (that's inclusive of the songs that have ALREADY BEEN PURCHASED) without paying for some subscription service. Uninstalled, will use iTunes or play music from now on as this app is a rip off. If you want value for money, don't download this app, use play music (or even the full version of iTunes)",1,negative
196,9c075afb-bf36-4fef-b883-0f9005252cc9,"Please devs, respond to the following: 1) the UI navigation around the app is inconsistent. Just do like spotify and recognize that android has back button whilst keeping the hamburger in the top left permanent. 2) low res icons and art. Android has much higher resolution on some devices. As a result, art work and even icons look blocky. 3) have an auto created heart Playlist that stores your favorite tracks. Deezer and Google play music do this and it's freaking amazing... Beautiful app otherwise!",3,positive
197,13f13451-10c2-498d-8e68-350b4142dca9,But there are lags in navigation drawer still.,4,negative
198,764beca7-704b-4cb8-a965-330b4c3b3f84,"Compared to other music apps, the navigation and layout are frustrating. Good music selection on the positive side.",2,positive
199,b9296c7f-2843-42db-9caf-e1d3bd3e9d7d,"Lots of improvement needed, navigation is unfriendly, disappointed and finally uninstalled it!!",1,negative
200,f8a6d556-a301-4b0f-bd5d-5093b6794f6d,"Loved apple music on my iPhone. It was perfect everything was where everything needed to be. But apple music for Android is so bad, it glitches constantly. I find when I add a song it doesn't actually get added and I miss the navigation at the bottom of the screen instead of in a tab on the side. It's so much more convenient.",2,negative
201,aa8bc803-cd2c-4c82-8619-bce1928fdb21,"Navigation is slow and poorly designed. Sometimes just won't play anything. Downloads some songs but refuses to play them (and stalls random playback if they come up). Other songs simply can't be played directly, but will play as part of album or randomly through collection. Sometimes replaces explicit downloaded versions with clean ones.",2,negative
202,99c282d5-207f-492a-826d-22957606e102,This app works great for quickly and easily transferring iTunes from any Apple product to Android in general unfortunately though it's not accessible though Tablets or at least not yet.,4,positive
203,2b185583-2c7d-46f4-9a52-56ee8dda569a,"Excellent Design. Kudos for apple for respecting material design and using the navigation drawer. The UX in the android version is excellent compared with the confusing one on iOS. Great Job. The only pain point is the login with iTunes, which is an account the usually Android users never use.  Also there are some minors design bugs in some screen like back button with bad color, black flashes sometimes and back animation that looks glitchy in the settings.  Overall the app is excellent. Good job.",5,positive
204,ed1c3718-36c8-474d-b8af-a3ab8f4edbff,Advice: Make the navigation more Android-friendly. Give button tutorials. Add the heart button to the drop down menu for Android notifications for quick access.,4,negative
205,613a3453-438c-4dca-a924-a255f7735d6e,"Huge chunks of the app don't load when the network connection is unreliable. I understand content that comes from an external source not working, but when the app itself fails to get past the splash screen because you're in the subway, it's hard to listen to your offline music. It's also hard to use the app when the navigation menu doesn't load any of its links because of a slow network connection. Too much of this app is connection dependent in ways that are not necessary.",1,negative
206,89e13e2f-6463-481c-aff2-e0367bea4033,This app works well for the most part but I find that often the songs don't stream seamlessly. I know it isn't a problem with my Internet either because I can open Spotify and all my music plays fine. The apple UI is very similar to everything apple does which just means very white and very simple which is good if you like that sort of thing. I find the little amount of contrast makes it hard to read and click the right thing sometimes. Spotify currently works better on androids than this app,2,positive
207,1a51593a-f57a-4b91-b480-421339f34563,"The design is great, however there are many bugs.  Many of my downloaded songs are not accessible offline which I cannot understand. There is no warning if the song is playable offline or has permission issues.  Often, there is choppy play back, despite being downloaded.  Overall apple music on android is terrible. I will,most likely go to spotify when my trial is over.",1,negative
208,8855b0c0-4964-42a1-9949-0fcea07a85b8,It's slow and sluggish. I like the interface but navigation is a headache. I thought Apple is about simplicity. Colors and design is fine but the layout is boring. It needs Google sign in. Just downloaded it for the 3 months trial.,3,negative
209,54d6b98e-ee80-41ba-9e9d-5245571d6752,"This app needs a lot of work. The following are the issues I faced: The navigation buttons with comes on the notification bar, are black in color and it's hard to recognize them, if the notification bar is dark in color. Please fix this.",3,negative
210,d9caf83a-92b2-40fd-b132-01e4901b1dfa,"App design, navigation, organization and ease of use is complete buns. Come on apple.",2,negative
211,2cb1dd91-587c-4479-b3a8-b42e94e2b3ef,"The bugs are no surprise, but the featureless functionality is. I let my Rhapsody subscription lapse because of this 90 day trial, but I'm going to go back after just a week. I've tried all of the main streaming services and this app is the worst, by far. No queue, now playing makes no sense, awful app navigation, etc.",1,negative
212,6bc70111-1b16-4b39-a71d-10e856ebde80,"I subscribed to apple music and haven't been using it for a while. I wanted to cancel subscription, but forgot the account password. Your ""forgot password"" link is not accessible and i am charged the subscription though not using the service.",1,negative
213,3149978f-e088-49a0-953e-a7184e86d064,This app only seems to have the latest hits from what I can tell. Navigation is not well thought out; no I don't want to listen to Kanye West's new album... I just want to listen to a Playlist of piano music please. The app stops playing randomly in my car and doesn't stop playing when I exit the car so I become a walking jukebox unknowingly with phantom music. Not polished.,2,negative
214,5fa8077d-8496-4454-9f77-3a98cdbdc8e0,"Doesn't top the Move to iOS App but it's still pretty neat even tho it uses the basic usability antipattern which is poor navigation caused by the drawer menu. But hey, Android users got the drawer menu in most of the apps and are used to the garbage experience and poor standards of the Android platform.",5,negative
215,75df8b3f-cc8a-4212-9326-85a91de1e632,"Works great, navigation is easy and does what it is supposed to do! (y). A little buggy and big battery draining, so I'll give it 4 ðŸŒŸ",4,positive
216,1ff926c4-c24e-4d89-a57e-e476ebf1d1bb,"Horrible interface, iTunes music is not accessible on the Google Nexus 6. Can't even install this on any android tablet. Completely junk and an half hearted attempt by the world's largest company. Update. Six months later, still in beta testing and nothing is fixed.",1,negative
217,877efd96-7642-4ec7-93eb-7b93b0caf197,"I really wanted Apple Music to work well on my android device. I had heard great things, and the content/playlists are great. Only problem, it just doesn't work well. Constant lag time trying to load and play music. Downloaded tracks not accessible offline and constantly stopping mid song. Just frustrating and takes all the fun out of putting on headphones and being in your own music bubble during your daily commute. I'm back to Spotify I guess. Apple - sort it out.",1,negative
218,77bf3202-964f-4803-a0c7-383bb3665faa,Very easy to use. Music I love is easily accessible.,5,positive
219,ba4f8f5f-1e3b-4d3c-a8a2-c498c332a64f,Surprised it is even accessible on a android phone but there is already something's ng bugging me and its not even in my phone yet.well it takes up soo much storage I had to delete 2 apps but it still won't go on. Why does it take so much storage hope it does happen to other phones so im not alone. For that it's 1 star,3,positive
220,9111f9c8-e826-4b46-bece-2baf81b9baff,Can't save music. Terrible navigation.,1,negative
221,7e920d5c-8ef3-45fc-9a20-07d52672668b,"Buggy, slow, poor navigation, keeps crashing, says you've not purchased with the Apple id you have registered with, won't download/delete songs from/to you music.  Utterly useless.",1,negative
222,fe37b49e-6b51-45fd-9905-751a0b35fa7c,"It's an amazing app, nice design but navigation could be better. Would like to have more options on the homepage. Also would be nice to have more options for the quality of the streaming. Add chromecast please",4,positive
223,c0076c0a-c1ed-44e7-9df4-89408467f5c6,"Gave it another shot and it finally works on the Nexus 6. There's definitely a wider selection than Play Music All Access but navigation is terrible. If you explorer a few levels deep, you can't get back to the menu without hitting the back button a million times until you back track through every search and album you tapped on since starting the app. That's unusable. That really discourages exploration. You should be able to slide in the menu from the left side of the screen from anywhere in the app.",3,negative
224,0f566270-cef9-47a9-ad40-97cf534e49f2,"The good: great looking app, curated playlists, good range of music. Not so good: confusing navigation, no Chromecast support.",4,positive
225,3dcf2249-e411-4012-a11f-1b146a25c982,"Can control song via earphone button, music suddenly off when turn off screen, cannot download all song, even downloaded song can't play, complicated navigation, such a rubbish...",1,negative
226,1773ffc6-1340-4b20-a65d-78f8854f5617,"Had been using Spotify, which is great, and switched to try Apple Music. So far the app has crashed multiple times. When it crashes it does not save playlists and it loses all added songs. Poor navigation in menus. Not impressed.",1,negative
227,738e6ae2-5056-40f1-90e9-a14e978258e7,"Very functional for a beta. Bugs do happen, but the biggest issue by far is usability. Let's say you search an artist and go to their page. Then you open one of their albums, and add the songs on the album to a playlist. If you want to go to the playlist, you can't just swipe on the left side of the screen of to bring up the navigation menu. You have to press the back button several times in order to access your playlists, music, for you... Anything you find on the navigation menu is inaccessible.",4,negative
228,d5bad344-b73a-4f5b-8872-4d19bb656492,Constantly crashes. Terrible navigation. Way better on ios obviously.,1,negative
229,6ef768cb-926f-4d7c-9adf-5e4def3bbd68,"Navigation kinda awkward, please learn from Deezer app in terms of navigation. Still lots of bugs, unresponsive UI... Fix it and it will be a great app! Adding a song to playlist took forever....",2,negative
230,967a5cd4-19d8-4bbe-8c1a-fef45584ebf3,"While Beats wasn't the perfect application it had a lot of features that have since been removed in lieu of Apple music. The circle was an easier way to scrub music, clicking on artist names brought you to their page, albums, EPs, and singles were split, and there's no dislike button. This is cleaner in appearance, but it's too clean. Small buttons make navigation difficult, getting around is tedious, and there's no landscape mode. Additionally, I cannot get it to play without crashing after a few songs.",2,negative
231,42720a10-70e4-4bf1-9ed4-69dc0d389783,Needs work it's not Spotify. Navigation needs to be improved a lot download speeds are slow and needs an offline option,2,negative
232,c54c08b7-ad29-4d11-bd7e-2dd2f5892b64,"This app sucks!! Very buggy. A transfer message pops up every 2 seconds & I have to hit ok. What is this? Also was charged $9.99 on my amex card after I signed up for free 3 month trial. I guess it's ok to rob us blind, huh?",1,negative
233,d3f2a7bd-e734-49ee-a77d-b881bc2da953,"The design is fairly easy to use, navigation simple. The interface imo is appealing. There are a few significant usability issues though. First is exploring the library. It is easy for my own music, artist, album, genres. However the online library seems to only be accessed via a simple search and added to a playlist or through a limited 'we pick for you' page an 'new' page. Another major gap is using an SD card. These and working family sharing need corrected to recommend this app.",3,negative
234,998fa34c-a503-43d3-bfc3-abef00635761,Good music quality simple navigation. Need options to save music file to SD card.,4,positive
235,75db5ef9-94e8-4e5f-96ef-3b8fbc268331,"It is a great idea to bring this to android!   But, why do I need to give my credit card information for a trail?  And why can't I download music to my sd card?   The app is sluggish, navigation is a disaster (the hamburger menu isn't accessible from everywhere, just from the homepage, there where you need it the least).  It doesn't look as good as Google play music.  The menu key next to songs should do what it does in your app.  There is also many many content missing compared to Google play music. For half of he artists I checked, at least 2/3 of their songs/albums is missing. I really like the the transparent status bar, which you added at places where GPM chose to don't add it. There are many things to improve.   I like play music better for now.",2,negative
236,065224a1-c7f7-4b9d-b450-649eb67d810a,"Navigation is awkward and complicated. I don't need emphasis in discovering, radio and that stuff. Most of the times I just want to navigate through my music in a simple way. Now I have tons of buttons and online suggestion that I simply don't want. My music does not feel my music anymore...  But is a great product though.",3,negative
237,8db55922-5b07-434b-b15e-7c5067fa1c33,"First things first... Apple Music on Mac is a great buy... Just amazing collection on apple at your fingers reach...secondly those who say it doesn't work in India, pls check again... I just downloaded it and signed in with my apple user id... My entire collection is now on my android without having to buy an iPhone... Wow guys... Just loved the user accessibility on android for my Mac.. Love you guys... Keep it up... Five stars for you",5,positive
238,1c944825-effc-4116-9ded-3ddf1f9b7add,Working great for the most part.  There are however a few bugs such as the album art disappearing in notification panel. Would recommend a widget be added in future update for easier accessibility.,4,positive
239,4e6ba98d-2272-4717-bbab-38c755718874,I don't know what everyone else is complaining about as far as navigation problems. My brain works for the most part so it is easy to figure out to me. It's working perfectly on my phone.,5,positive
240,a495655c-5ff1-4b44-8079-16e86a9833c7,So far so good...just keep it up and do something about the navigation is a bit too confusing!,4,positive
241,e8e131d4-b2bd-41dd-8d38-74c89fe4dbc0,"Don't like the UI. It's some mix of iOS and Material Design that does look awful. Why not fully materialized? But that would contrast the purpose of this app: making the android user get used to the iOS design pattern and maybe make him move to iOS. Apart from that, no one needs yet another music streaming service. There's Spotify. There's Play Music. there's Deezer. And there are tons of other services. And Apple Music has nothing to make itself stand out from those masses...",2,negative
